{
  "ammo": "cyber_armorer:bullet_pistol",
  "rpm": 114,
  "bullet": {
    "life": 0.6,
    "bullet_amount": 1,
    "damage": 16.5,
    "tracer_count_interval": 0,
    "extra_damage": {
      "armor_ignore": 0.2,
      "head_shot_multiplier": 2.0,
      "damage_adjust": [
        {"distance": 42, "damage": 16.5},
        {"distance": 84, "damage": 14.5},
        {"distance": "infinite", "damage": 12.5}
      ]
    },
    "speed": 270,
    "gravity": 0.15,
    "knockback": 0.15,
    "friction": 0.05,
    "ignite": false,
    "ignite_entity_time": 5,
    "pierce": 1
  },
  "ammo_amount": 6,
  "extended_mag_ammo_amount": [
    6,
    6,
    6
  ],
  "bolt": "open_bolt",
  "reload": {
    "type": "magazine",
    "feed": {
      "empty": 1.59,
      "tactical": 1.74
    },
    "cooldown": {
      "empty": 2.32,
      "tactical": 2.32
    }
  },
  "draw_time": 0.81,
  "put_away_time": 0.41,
  "aim_time": 0.13,
  "sprint_time": 0.21,
  "weight": 2.3,
  "movement_speed": {
    "base": 0.0,
    "aim": 0.0,
    "reload": 0.0
  },
  "crawl_recoil_multiplier": 0.5,
  "fire_mode": [
    "semi",
    "auto"
  ],
  "allow_attachment_types": [
    "extended_mag",
    "scope"
  ],
  "recoil": {
    "pitch": [
      {"time": 0, "value": [1.5, 1.5]},
      {"time": 0.35, "value": [1.5, 1.5]},
      {"time": 0.5, "value": [-0.2, -0.2]},
      {"time": 0.7, "value": [0.05, 0.05]},
      {"time": 0.9, "value": [0, 0]}
    ],
    "yaw": [
      {"time": 0, "value": [-0.3, 0.3]},
      {"time": 0.4, "value": [0, 0]}
    ]
  },
  "fire_mode_adjust": {
    "auto": {
      "damage": 0,
      "rpm": 44,
      "speed": 0,
      "knockback": 0,
      "armor_ignore": 0,
      "head_shot_multiplier": 0,
      "aim_inaccuracy": 0,
      "other_inaccuracy": 0
    }
  },
  "inaccuracy": {
    "stand": 2,
    "move": 3,
    "sneak": 1.5,
    "lie": 0.75,
    "aim": 0.1
  }
}