{
  "type": "tacz:gun_smith_table_crafting",
  "materials": [
    {
      "item": {
        "type": "forge:partial_nbt",
        "item": "tacz:ammo",
        "nbt": {
          "AmmoId": "cyber_armorer:material_2"
        }
      },
      "count": 24
    },
    {
      "item": {
        "type": "forge:partial_nbt",
        "item": "tacz:ammo",
        "nbt": {
          "AmmoId": "cyber_armorer:material_1"
        }
      },
      "count": 12
    }
  ],
  "result": {
    "type": "gun",
    "id": "cyber_armorer:overture"
  }
}